{"stats":{"minecraft:mined":{"minecraft:short_grass":38,"minecraft:grass_block":2,"minecraft:oak_log":1,"minecraft:dirt":5,"minecraft:lily_of_the_valley":4,"minecraft:lilac":4,"minecraft:oak_leaves":13},"minecraft:used":{"minecraft:dirt":145},"minecraft:custom":{"minecraft:time_since_rest":1124,"minecraft:damage_taken":315,"minecraft:play_time":10936,"minecraft:crouch_one_cm":1068,"minecraft:deaths":1,"minecraft:sprint_one_cm":23593,"minecraft:walk_one_cm":8693,"minecraft:sneak_time":289,"minecraft:walk_under_water_one_cm":444,"minecraft:jump":196,"minecraft:leave_game":3,"minecraft:time_since_death":1095,"minecraft:walk_on_water_one_cm":276,"minecraft:total_world_time":10936,"minecraft:swim_one_cm":574,"minecraft:fall_one_cm":8199,"minecraft:fly_one_cm":13299},"minecraft:picked_up":{"minecraft:lilac":4,"minecraft:wheat_seeds":6,"minecraft:oak_log":1,"minecraft:lily_of_the_valley":4,"minecraft:mutton":4,"minecraft:dirt":65,"minecraft:white_wool":2}},"DataVersion":3700}